ID,name,createdAt,createdBy,modifiedAt,modifiedBy
23051864-997f-4a44-bfa8-bd810ffb8aa8,name-23051864,2007-04-25T00:00:00.000Z,createdBy.dq2xk@example.com,2004-03-24T00:00:00.000Z,modifiedBy.dq2xk@example.net
26320383-2cd9-4790-acc1-e4d462f15525,name-26320383,2006-05-15T00:00:00.000Z,createdBy.fo4xr@example.com,2019-12-25T00:00:00.000Z,modifiedBy.fo4xr@example.net
26320384-e30e-475b-b271-4d38d80c9088,name-26320384,2016-02-27T00:00:00.000Z,createdBy.fo4xs@example.com,2003-01-13T00:00:00.000Z,modifiedBy.fo4xs@example.org
26320385-b44c-4da3-a78c-3c2b545755e3,name-26320385,2016-11-25T00:00:00.000Z,createdBy.fo4xt@example.net,2001-11-23T00:00:00.000Z,modifiedBy.fo4xt@example.net
26320386-adf2-4bf6-9f47-a6b5215a2c00,name-26320386,2022-10-01T00:00:00.000Z,createdBy.fo4xu@example.com,2013-11-06T00:00:00.000Z,modifiedBy.fo4xu@example.org
26320387-0519-42a3-a4f3-201d5dbe827f,name-26320387,2007-06-17T00:00:00.000Z,createdBy.fo4xv@example.org,2006-06-10T00:00:00.000Z,modifiedBy.fo4xv@example.org
26320388-7e19-4fa8-9766-8760091dcccb,name-26320388,2016-07-28T00:00:00.000Z,createdBy.fo4xw@example.net,2002-12-25T00:00:00.000Z,modifiedBy.fo4xw@example.com
26320389-baf5-42b1-ba64-a8f0da967bdd,name-26320389,2016-02-05T00:00:00.000Z,createdBy.fo4xx@example.org,2002-02-16T00:00:00.000Z,modifiedBy.fo4xx@example.com
26320390-5412-4a16-922c-ab5a6f3b5713,name-26320390,2015-09-28T00:00:00.000Z,createdBy.fo4xy@example.com,2013-09-27T00:00:00.000Z,modifiedBy.fo4xy@example.org
26320391-daaa-4e4a-a780-ca97c6246daa,name-26320391,2017-11-07T00:00:00.000Z,createdBy.fo4xz@example.org,2023-08-15T00:00:00.000Z,modifiedBy.fo4xz@example.com
